institutionCode,total,has_collectionCode,has_catalogNumber,has_preparations,has_speciesKey,has_scientificName,has_scientificNameID,has_acceptedNameUsage,has_identificationID,has_locality,has_higherGeography,has_continent,has_countryCode,has_stateProvince,has_county,has_decimalLatitude,has_decimalLongitude,has_coordinates,has_verbatimElevation,has_verbatimDepth,has_image,has_dateIdentified,has_identifiedBy,has_recordedBy,has_eventDate,has_recordNumber,File
A,246559,246559,246559,215574,223580,246559,0,0,0,225347,208814,208814,236644,218536,136069,54204,54204,54204,18545,0,129841,29296,11152,245392,183022,152321,cleaned_gbif_us_institutionCode_MIDS_2020-12-06-csv.csv
AMES,51327,51327,51327,51289,48056,51327,0,0,0,46948,50155,50155,48643,31513,9496,1172,1172,1172,13448,0,43752,13242,4172,49702,44236,38398,cleaned_gbif_us_institutionCode_MIDS_2020-12-06-csv.csv
AMNH,84,77,84,2,41,84,0,0,0,70,0,0,78,73,71,4,4,4,0,0,1,53,54,74,0,0,cleaned_gbif_us_institutionCode_MIDS_2020-12-06-csv.csv
ANSP,3,3,3,0,1,3,0,0,0,1,0,1,2,2,0,0,0,0,0,0,0,0,0,0,0,0,cleaned_gbif_us_institutionCode_MIDS_2020-12-06-csv.csv
ASU,377252,258569,238209,0,351192,377252,0,0,0,365417,0,0,376307,371266,271423,316822,316822,316822,112523,3,136830,40156,214498,376667,366578,348492,cleaned_gbif_us_institutionCode_MIDS_2020-12-06-csv.csv
BABY,11427,11427,11427,0,11375,11427,0,11382,0,11381,0,11425,11425,11424,2157,11368,11368,11368,10010,0,0,7003,11356,11427,11374,11426,cleaned_gbif_us_institutionCode_MIDS_2020-12-06-csv.csv
BEREA,25984,0,25984,0,25926,25984,0,0,0,1983,0,0,25935,25901,25737,14,14,14,6,0,23452,4,53,2017,1993,1942,cleaned_gbif_us_institutionCode_MIDS_2020-12-06-csv.csv
BHSC,20807,20807,20807,0,20789,20807,0,0,0,20708,0,0,20807,20807,20807,13286,13286,13286,13857,0,20628,887,4250,20807,20425,20707,cleaned_gbif_us_institutionCode_MIDS_2020-12-06-csv.csv
BISON,706,706,24,682,703,706,0,0,0,0,0,0,706,706,706,706,706,706,0,0,677,0,0,706,706,682,cleaned_gbif_us_institutionCode_MIDS_2020-12-06-csv.csv
BOON,16127,0,15276,4,15786,16127,0,0,0,5549,0,0,15962,15757,15165,3590,3590,3590,235,0,11425,193,696,5889,5855,3538,cleaned_gbif_us_institutionCode_MIDS_2020-12-06-csv.csv
BPBM,421066,421066,421066,4,362822,421066,0,0,0,413793,311397,28850,412423,279434,2687,83855,83855,83855,199968,20464,0,174672,272271,417353,384996,396391,cleaned_gbif_us_institutionCode_MIDS_2020-12-06-csv.csv
BPI,4,4,4,0,4,4,0,0,0,3,0,0,4,0,0,0,0,0,0,0,0,0,0,3,0,0,cleaned_gbif_us_institutionCode_MIDS_2020-12-06-csv.csv
BRFC,623,623,623,0,612,623,0,0,0,623,0,623,623,623,623,431,431,431,0,0,0,0,0,623,623,0,cleaned_gbif_us_institutionCode_MIDS_2020-12-06-csv.csv
BRIT,19342,19342,19342,0,13205,19342,0,0,0,31,0,16317,17358,17295,16859,10374,10374,10374,0,0,0,13502,13671,17822,17234,0,cleaned_gbif_us_institutionCode_MIDS_2020-12-06-csv.csv
BRU,15388,0,15388,0,14309,15388,0,0,0,5289,0,0,14340,12518,8448,14295,14295,14295,9,0,15365,0,199,14012,8909,186,cleaned_gbif_us_institutionCode_MIDS_2020-12-06-csv.csv
BUF,53787,53787,53787,0,41371,53787,0,0,0,53624,53754,46202,46135,44018,39594,0,0,0,705,0,0,2417,5132,43291,42662,15786,cleaned_gbif_us_institutionCode_MIDS_2020-12-06-csv.csv
BUT,43804,43804,43804,0,43361,43804,0,0,43804,41681,0,0,43804,43804,4067,0,0,0,0,0,0,0,3442,43737,40831,32529,cleaned_gbif_us_institutionCode_MIDS_2020-12-06-csv.csv
BYU,36,36,36,0,0,36,0,0,0,36,0,0,36,35,3,35,35,35,11,0,0,0,0,35,32,0,cleaned_gbif_us_institutionCode_MIDS_2020-12-06-csv.csv
CAMU,346,346,346,0,346,346,0,0,0,0,0,0,0,0,0,0,0,0,0,0,0,0,0,0,0,0,cleaned_gbif_us_institutionCode_MIDS_2020-12-06-csv.csv
CAS,607615,607615,607615,591,582667,607615,0,0,0,607568,606910,606818,606539,597545,522529,126538,126538,126538,364411,0,15806,0,178152,606851,599339,607023,cleaned_gbif_us_institutionCode_MIDS_2020-12-06-csv.csv
CHAS,166,166,166,166,148,166,0,0,0,166,166,162,162,160,159,59,59,59,0,0,33,68,166,166,166,134,cleaned_gbif_us_institutionCode_MIDS_2020-12-06-csv.csv
CHRB,102216,0,102213,0,93294,102216,0,0,0,39852,0,0,82335,73005,43963,5736,5736,5736,4115,4,90667,7899,12000,58877,50073,42449,cleaned_gbif_us_institutionCode_MIDS_2020-12-06-csv.csv
CHSC,102821,102821,102821,0,101515,102821,0,0,0,102380,0,0,102749,102624,99927,85236,85236,85236,66050,4,29380,10574,33865,102510,102245,92469,cleaned_gbif_us_institutionCode_MIDS_2020-12-06-csv.csv
CM,534999,534999,534999,9,517080,534999,0,0,0,517482,7,7,533008,486946,400482,266995,266995,266995,146269,0,122606,5,254464,528389,461725,515149,cleaned_gbif_us_institutionCode_MIDS_2020-12-06-csv.csv
CMC,22397,1873,22396,0,20401,22397,0,0,0,20818,0,1318,21842,21371,20163,5728,5728,5728,695,0,20079,10638,11000,20836,20305,20324,cleaned_gbif_us_institutionCode_MIDS_2020-12-06-csv.csv
CMNH,129,129,129,129,14,129,0,0,0,94,0,128,126,123,115,0,0,0,0,0,0,0,0,72,0,0,cleaned_gbif_us_institutionCode_MIDS_2020-12-06-csv.csv
COA,1,1,1,0,1,1,0,0,0,1,1,1,1,1,1,0,0,0,0,0,0,1,1,1,1,0,cleaned_gbif_us_institutionCode_MIDS_2020-12-06-csv.csv
COLO,343803,343803,343803,0,335580,343803,0,0,0,234332,0,0,342842,336164,263346,126027,126027,126027,141299,2,337689,70449,100708,287104,230317,260753,cleaned_gbif_us_institutionCode_MIDS_2020-12-06-csv.csv
CS,57350,57350,57350,0,57221,57350,0,0,0,57339,0,0,57350,57310,56910,54877,54877,54877,0,0,0,0,5611,56115,0,0,cleaned_gbif_us_institutionCode_MIDS_2020-12-06-csv.csv
CSLA,11747,0,11747,0,11533,11747,0,0,0,11644,0,0,11699,11610,10846,1775,1775,1775,6638,0,11747,217,551,11699,11465,9667,cleaned_gbif_us_institutionCode_MIDS_2020-12-06-csv.csv
CSU,9722,9722,9722,0,9621,9722,0,0,0,0,0,0,0,0,0,0,0,0,0,0,0,0,0,0,0,0,cleaned_gbif_us_institutionCode_MIDS_2020-12-06-csv.csv
DAV,138094,26908,52847,0,132675,138094,0,0,0,137964,0,0,138064,138048,128745,107850,107850,107850,68879,0,50270,2676,60558,138084,132372,136881,cleaned_gbif_us_institutionCode_MIDS_2020-12-06-csv.csv
DBG,92185,92185,86383,0,84055,92185,0,0,0,85195,0,0,88704,87700,81443,74340,74340,74340,52505,0,83267,8388,18717,89799,89512,66123,cleaned_gbif_us_institutionCode_MIDS_2020-12-06-csv.csv
DES,91263,0,88626,0,88832,91263,0,0,0,87995,0,0,90842,89636,76138,86788,86788,86788,58556,0,78074,9842,19282,91235,90335,81718,cleaned_gbif_us_institutionCode_MIDS_2020-12-06-csv.csv
DMNH,57,57,57,57,0,57,0,0,0,57,0,0,54,44,38,0,0,0,0,0,0,0,0,10,0,0,cleaned_gbif_us_institutionCode_MIDS_2020-12-06-csv.csv
DMNS,10,10,10,2,0,10,0,0,0,6,2,1,6,5,4,4,4,4,0,0,0,2,10,9,4,0,cleaned_gbif_us_institutionCode_MIDS_2020-12-06-csv.csv
DUKE,283768,0,283046,0,267485,283768,0,0,0,282749,0,0,282961,275354,167963,150502,150502,150502,91830,0,9483,6698,139433,283311,243543,277905,cleaned_gbif_us_institutionCode_MIDS_2020-12-06-csv.csv
ECON,6176,6176,6176,6176,5897,6176,0,0,0,6026,6169,6169,6122,5845,3584,53,53,53,518,0,5378,522,275,6127,4484,2283,cleaned_gbif_us_institutionCode_MIDS_2020-12-06-csv.csv
ECU,2423,2423,2423,0,2367,2423,0,0,0,0,0,0,0,0,0,0,0,0,0,0,0,0,0,0,0,0,cleaned_gbif_us_institutionCode_MIDS_2020-12-06-csv.csv
EKY,80953,0,77366,0,80402,80953,0,0,0,75804,0,0,80938,80573,79546,6721,6721,6721,1376,0,74752,2053,14069,80312,78531,72413,cleaned_gbif_us_institutionCode_MIDS_2020-12-06-csv.csv
ENLC,3,3,3,0,3,3,0,0,0,3,0,0,3,3,3,3,3,3,2,0,3,3,3,3,3,3,cleaned_gbif_us_institutionCode_MIDS_2020-12-06-csv.csv
F,997025,997025,815981,0,892225,997025,0,0,0,331245,654704,970336,962086,525663,251758,810528,810528,810528,0,0,753934,115569,172831,776659,679332,708130,cleaned_gbif_us_institutionCode_MIDS_2020-12-06-csv.csv
FH,236827,236827,236827,236592,224380,236827,0,0,0,233791,235628,235620,232222,215181,120808,3658,3658,3658,2689,0,152931,7053,6890,234838,203158,117543,cleaned_gbif_us_institutionCode_MIDS_2020-12-06-csv.csv
FHSM,3,3,3,0,0,3,0,0,0,3,0,3,0,3,3,0,0,0,0,0,3,0,3,3,0,3,cleaned_gbif_us_institutionCode_MIDS_2020-12-06-csv.csv
FLAS,101310,0,101310,101310,96718,101310,0,0,0,0,0,0,101177,97136,82108,21179,21179,21179,0,0,85995,0,0,101309,99529,86426,cleaned_gbif_us_institutionCode_MIDS_2020-12-06-csv.csv
FMNH,23345,23345,23344,0,2347,23345,0,0,0,0,23344,23280,23280,23239,8176,0,0,0,0,0,11061,0,16549,1902,730,0,cleaned_gbif_us_institutionCode_MIDS_2020-12-06-csv.csv
FSC,15140,0,15140,0,14904,15140,0,0,0,9654,0,0,14822,14722,13983,3697,3697,3697,5071,6,13589,1154,3702,9693,9349,7582,cleaned_gbif_us_institutionCode_MIDS_2020-12-06-csv.csv
FTG,78186,78186,78186,0,72996,78186,0,0,0,27941,0,76617,77640,60719,44155,10612,10612,10612,0,0,0,0,0,70184,76529,0,cleaned_gbif_us_institutionCode_MIDS_2020-12-06-csv.csv
GH,603948,603948,603948,603804,590714,603948,0,0,0,571873,592896,592895,584162,541939,338798,8670,8670,8670,55961,0,522854,84545,19069,600611,331001,265887,cleaned_gbif_us_institutionCode_MIDS_2020-12-06-csv.csv
GMDRC,4,4,4,0,4,4,0,0,0,4,0,0,4,4,4,4,4,4,4,0,4,0,4,4,4,4,cleaned_gbif_us_institutionCode_MIDS_2020-12-06-csv.csv
GUAM,595,595,595,0,0,595,0,0,0,592,0,0,580,80,0,242,242,242,0,0,0,7,2,434,570,38,cleaned_gbif_us_institutionCode_MIDS_2020-12-06-csv.csv
haw,1,1,1,0,1,1,0,0,0,1,0,1,1,1,1,1,1,1,0,0,0,0,1,1,1,0,cleaned_gbif_us_institutionCode_MIDS_2020-12-06-csv.csv
HSC,75042,0,25872,0,74824,75042,0,0,0,74065,0,0,75016,75013,74963,47780,47780,47780,37,0,12384,10794,38140,75041,73065,75035,cleaned_gbif_us_institutionCode_MIDS_2020-12-06-csv.csv
HWML,80,80,80,0,2,80,0,0,0,80,0,74,75,61,8,72,72,72,0,0,0,0,80,80,8,0,cleaned_gbif_us_institutionCode_MIDS_2020-12-06-csv.csv
INHS,56,56,56,0,16,56,0,0,0,56,0,0,56,55,41,49,49,49,0,0,0,0,6,0,51,0,cleaned_gbif_us_institutionCode_MIDS_2020-12-06-csv.csv
JFBM,9,9,9,0,0,9,0,0,0,9,0,0,8,8,8,5,5,5,0,0,0,0,0,9,8,2,cleaned_gbif_us_institutionCode_MIDS_2020-12-06-csv.csv
KHD,1,1,1,0,1,1,0,0,0,1,0,0,1,1,1,0,0,0,1,0,1,0,0,1,1,1,cleaned_gbif_us_institutionCode_MIDS_2020-12-06-csv.csv
KNWR,2502,2502,2502,2493,2308,2502,0,0,0,2502,2502,2502,2502,2502,97,2502,2502,2502,0,0,153,1766,2502,1714,2502,138,cleaned_gbif_us_institutionCode_MIDS_2020-12-06-csv.csv
KSP,32690,216,26915,62,31884,32690,0,0,0,31758,0,0,32683,32148,31085,13362,13362,13362,8909,0,0,1476,2840,32680,28661,31771,cleaned_gbif_us_institutionCode_MIDS_2020-12-06-csv.csv
KSTC,50877,50877,50822,0,46904,50877,0,0,0,50498,0,48553,48551,48463,46889,22569,22569,22569,0,0,0,0,38196,50510,50211,44622,cleaned_gbif_us_institutionCode_MIDS_2020-12-06-csv.csv
KU,403991,403991,403983,75834,331762,403991,0,0,0,395990,395579,395553,387873,373461,344264,301815,301815,301815,100814,0,95553,0,256772,381653,334247,0,cleaned_gbif_us_institutionCode_MIDS_2020-12-06-csv.csv
LACM,187,187,187,152,1,187,0,0,0,187,187,187,187,187,182,181,181,181,0,0,17,112,187,183,127,0,cleaned_gbif_us_institutionCode_MIDS_2020-12-06-csv.csv
LOB,15823,0,14130,0,14826,15823,0,0,0,15727,0,0,15643,15580,15141,9783,9783,9783,7619,1,14094,320,1133,15579,15214,14754,cleaned_gbif_us_institutionCode_MIDS_2020-12-06-csv.csv
Logan,3,3,3,0,3,3,0,0,0,0,0,0,3,3,3,0,0,0,0,0,3,0,0,0,0,0,cleaned_gbif_us_institutionCode_MIDS_2020-12-06-csv.csv
LSU,163406,163406,163406,1837,161038,163406,0,0,0,159710,0,0,161772,158791,152330,57400,57400,57400,5138,0,0,52585,65362,161780,155045,161564,cleaned_gbif_us_institutionCode_MIDS_2020-12-06-csv.csv
LSUM,14729,14729,14729,0,9200,14729,0,0,0,14455,0,0,14546,11647,5163,14009,14009,14009,566,0,0,363,5507,14578,14422,14573,cleaned_gbif_us_institutionCode_MIDS_2020-12-06-csv.csv
MACF,6164,0,5570,0,6111,6164,0,0,0,5631,0,0,6143,6053,5052,1362,1362,1362,2079,0,5570,769,1867,6140,6055,4967,cleaned_gbif_us_institutionCode_MIDS_2020-12-06-csv.csv
MCZ,20,20,20,20,16,20,0,0,0,19,20,20,20,19,13,7,7,7,0,0,0,0,20,20,3,0,cleaned_gbif_us_institutionCode_MIDS_2020-12-06-csv.csv
MICH,942586,942586,942586,487720,826703,942586,0,0,0,942586,0,910777,910708,816590,584543,304775,304775,304775,82614,0,493061,130253,236706,927631,843836,883809,cleaned_gbif_us_institutionCode_MIDS_2020-12-06-csv.csv
MIN,560702,560702,558835,136358,545351,560702,0,0,0,401667,0,0,482661,462428,385689,282679,282679,282679,13425,2,328536,20175,34767,470986,394747,459186,cleaned_gbif_us_institutionCode_MIDS_2020-12-06-csv.csv
MISS,55629,55629,55629,0,54864,55629,0,0,0,0,0,0,55629,0,55391,0,0,0,0,0,0,0,0,55629,0,0,cleaned_gbif_us_institutionCode_MIDS_2020-12-06-csv.csv
MO,4752139,4752139,4752139,0,3985460,4752139,0,0,0,4502944,0,4721527,4722746,4407898,2412751,3169229,3169229,3169229,0,0,355660,2568969,2963388,4752114,4543895,4752136,cleaned_gbif_us_institutionCode_MIDS_2020-12-06-csv.csv
MPM,126131,126131,126131,0,116782,126131,0,0,0,0,125741,125735,125204,121824,113548,31094,31094,31094,0,0,0,17,17,125058,121254,85484,cleaned_gbif_us_institutionCode_MIDS_2020-12-06-csv.csv
MSB,8,8,8,8,0,8,0,0,0,8,8,8,8,8,3,1,1,1,0,0,0,6,8,8,8,4,cleaned_gbif_us_institutionCode_MIDS_2020-12-06-csv.csv
MSC,179159,179159,179088,179143,164612,179159,0,0,0,179013,171219,171213,169874,131765,101649,25897,25897,25897,0,0,0,0,0,178022,174449,0,cleaned_gbif_us_institutionCode_MIDS_2020-12-06-csv.csv
MSUB,10769,0,10769,0,10618,10769,0,0,0,9023,0,0,10690,10060,8249,69,69,69,1239,0,0,4,3277,9279,8407,7269,cleaned_gbif_us_institutionCode_MIDS_2020-12-06-csv.csv
MUR,1,0,1,0,1,1,0,0,0,1,0,0,1,1,1,1,1,1,0,0,1,0,0,1,1,1,cleaned_gbif_us_institutionCode_MIDS_2020-12-06-csv.csv
NAUF,38,38,38,5,0,38,0,0,0,36,0,0,38,38,35,38,38,38,0,0,5,5,29,38,38,0,cleaned_gbif_us_institutionCode_MIDS_2020-12-06-csv.csv
NCSC,106360,40371,106326,1344,103376,106360,0,0,0,40661,0,0,104913,103487,89789,3788,3788,3788,8224,0,99179,2457,719,44122,39184,41311,cleaned_gbif_us_institutionCode_MIDS_2020-12-06-csv.csv
NCSM,4025,4025,4025,2089,2027,4025,0,0,0,1691,0,2077,4009,4008,3702,1128,1128,1128,2,0,1927,1815,3722,3856,1920,1936,cleaned_gbif_us_institutionCode_MIDS_2020-12-06-csv.csv
NCU,429378,262,429355,0,419211,429378,0,0,0,154760,0,0,427455,424193,410743,43909,43909,43909,6054,0,395931,46083,94707,171558,165638,154390,cleaned_gbif_us_institutionCode_MIDS_2020-12-06-csv.csv
NEBC,278158,278158,278158,278152,275784,278158,0,0,0,271207,278129,278129,278128,278068,225313,270,270,270,177,0,268376,7424,5302,278001,268169,105906,cleaned_gbif_us_institutionCode_MIDS_2020-12-06-csv.csv
NEON,3462,3462,3462,0,1018,3462,0,0,0,3462,0,0,3462,3456,3462,3462,3462,3462,0,0,201,79,79,5,3462,1,cleaned_gbif_us_institutionCode_MIDS_2020-12-06-csv.csv
NEOSU,1095,1095,1095,0,1076,1095,0,0,0,0,0,0,0,0,0,0,0,0,0,0,0,0,0,0,0,0,cleaned_gbif_us_institutionCode_MIDS_2020-12-06-csv.csv
NHA,57712,0,57712,0,56139,57712,0,0,0,57712,0,0,57696,56853,51438,57662,57662,57662,9783,31,57710,2235,3389,57637,55915,1233,cleaned_gbif_us_institutionCode_MIDS_2020-12-06-csv.csv
NMMNHS,3622,3622,3622,3622,3386,3622,0,0,0,3622,3622,3621,3501,3450,3314,564,564,564,0,0,1,3621,3622,3442,3622,1763,cleaned_gbif_us_institutionCode_MIDS_2020-12-06-csv.csv
NMSU,3,3,3,0,0,3,0,0,0,2,0,0,3,3,3,1,1,1,0,0,0,0,0,3,3,0,cleaned_gbif_us_institutionCode_MIDS_2020-12-06-csv.csv
NPS,1,0,0,0,1,1,0,0,0,1,0,0,1,1,1,1,1,1,0,0,0,0,1,1,1,1,cleaned_gbif_us_institutionCode_MIDS_2020-12-06-csv.csv
NTSRV,218406,218406,218406,0,217002,218406,210688,0,0,0,0,215697,196856,196856,196856,0,0,0,0,0,0,0,0,80270,199546,0,cleaned_gbif_us_institutionCode_MIDS_2020-12-06-csv.csv
NWOSU,93,93,93,0,93,93,0,0,0,0,0,0,0,0,0,0,0,0,0,0,0,0,0,0,0,0,cleaned_gbif_us_institutionCode_MIDS_2020-12-06-csv.csv
NY,4029920,4029920,4029920,3993701,3831789,4029920,0,0,0,2568689,0,2831863,2827028,2493597,1593498,1577188,1577188,1577188,1053373,0,3119257,636437,849371,2845861,2645564,2748256,cleaned_gbif_us_institutionCode_MIDS_2020-12-06-csv.csv
OBI,63419,0,59356,1,61898,63419,0,0,0,63081,0,0,63335,62997,61798,41060,41060,41060,20142,1,59150,6610,18568,63326,61910,62474,cleaned_gbif_us_institutionCode_MIDS_2020-12-06-csv.csv
OCLA,12234,12234,12234,0,11990,12234,0,0,0,0,0,0,0,0,0,0,0,0,0,0,0,0,0,0,0,0,cleaned_gbif_us_institutionCode_MIDS_2020-12-06-csv.csv
OKL,122047,122047,122047,0,121182,122047,0,0,0,0,0,0,0,0,0,0,0,0,0,0,0,0,0,0,0,0,cleaned_gbif_us_institutionCode_MIDS_2020-12-06-csv.csv
OKLA,48318,48318,48318,0,48048,48318,0,0,0,0,0,0,0,0,0,0,0,0,0,0,0,0,0,0,0,0,cleaned_gbif_us_institutionCode_MIDS_2020-12-06-csv.csv
OMNH,2080,2080,2080,0,179,2080,0,0,0,0,0,0,2002,1909,1824,0,0,0,0,0,0,0,0,0,0,0,cleaned_gbif_us_institutionCode_MIDS_2020-12-06-csv.csv
OPSU,2186,2186,2186,0,2181,2186,0,0,0,0,0,0,0,0,0,0,0,0,0,0,0,0,0,0,0,0,cleaned_gbif_us_institutionCode_MIDS_2020-12-06-csv.csv
OSC,165591,165591,165591,0,163714,165591,0,0,0,165145,0,165585,165589,165591,161844,150453,150453,150453,2,0,3,162890,165591,165469,162076,2,cleaned_gbif_us_institutionCode_MIDS_2020-12-06-csv.csv
OSUC,1,1,1,0,0,1,1,0,0,1,0,0,1,1,1,1,1,1,0,0,0,1,0,1,1,0,cleaned_gbif_us_institutionCode_MIDS_2020-12-06-csv.csv
OUIP,2,2,2,2,0,2,0,0,0,2,2,2,2,0,2,2,2,2,0,0,0,0,0,0,0,0,cleaned_gbif_us_institutionCode_MIDS_2020-12-06-csv.csv
PBDB,87114,87114,0,61589,16081,87114,0,0,131,48393,86337,74866,86989,61169,20747,87114,87114,87114,0,0,0,0,0,87114,0,0,cleaned_gbif_us_institutionCode_MIDS_2020-12-06-csv.csv
POM,121104,121104,40288,121068,117623,121104,0,0,0,121090,0,0,121080,120588,113094,6771,6771,6771,0,0,28510,0,0,121072,110034,121063,cleaned_gbif_us_institutionCode_MIDS_2020-12-06-csv.csv
PRI,2,2,2,0,2,2,0,0,0,2,2,2,2,2,2,1,1,1,0,0,0,0,0,0,0,0,cleaned_gbif_us_institutionCode_MIDS_2020-12-06-csv.csv
PSUC,2,2,2,1,1,2,0,0,0,1,0,0,2,2,2,2,2,2,0,0,0,1,2,2,1,0,cleaned_gbif_us_institutionCode_MIDS_2020-12-06-csv.csv
RENO,82,82,82,0,82,82,0,0,0,82,0,0,82,82,82,82,82,82,82,0,82,3,82,82,81,82,cleaned_gbif_us_institutionCode_MIDS_2020-12-06-csv.csv
RHNM,6,0,6,0,6,6,0,0,0,6,0,0,6,6,6,6,6,6,6,0,6,5,5,6,6,6,cleaned_gbif_us_institutionCode_MIDS_2020-12-06-csv.csv
RLMC,983,0,983,983,879,983,0,0,0,983,0,0,983,983,983,981,981,981,385,0,0,0,983,983,982,0,cleaned_gbif_us_institutionCode_MIDS_2020-12-06-csv.csv
RM,3,3,3,0,3,3,0,0,0,3,0,0,3,3,3,0,0,0,2,0,3,2,3,3,3,3,cleaned_gbif_us_institutionCode_MIDS_2020-12-06-csv.csv
ROCH,1,0,1,1,1,1,0,0,0,0,0,0,1,1,1,0,0,0,0,0,0,0,1,1,1,0,cleaned_gbif_us_institutionCode_MIDS_2020-12-06-csv.csv
RSA,435518,435518,131050,435473,424050,435518,0,0,0,435501,0,0,435484,432137,406695,152955,152955,152955,0,0,57673,0,0,435439,422011,435422,cleaned_gbif_us_institutionCode_MIDS_2020-12-06-csv.csv
SCFS,1697,0,1695,0,1637,1697,0,0,0,1680,0,0,1694,1694,1694,1669,1669,1669,1325,1,1548,573,1075,1693,1687,1313,cleaned_gbif_us_institutionCode_MIDS_2020-12-06-csv.csv
SD,252784,0,31869,0,248936,252784,0,0,0,250921,0,0,252144,250116,252784,208856,208856,208856,69698,0,30319,0,132625,252231,247663,252784,cleaned_gbif_us_institutionCode_MIDS_2020-12-06-csv.csv
SDNHM,270,270,270,270,0,270,0,0,0,270,0,0,270,270,270,270,270,270,0,0,0,0,0,270,270,0,cleaned_gbif_us_institutionCode_MIDS_2020-12-06-csv.csv
SDSM,146,146,146,145,8,146,0,0,0,0,139,139,139,139,126,0,0,0,0,0,0,0,0,0,59,0,cleaned_gbif_us_institutionCode_MIDS_2020-12-06-csv.csv
SDSU,22962,150,22932,0,22532,22962,0,0,0,22098,0,0,22904,22555,21395,19085,19085,19085,13922,0,22591,8395,12943,22945,22355,17974,cleaned_gbif_us_institutionCode_MIDS_2020-12-06-csv.csv
SEINet,13,10,13,0,13,13,0,0,0,10,0,0,13,13,11,13,13,13,4,0,10,7,11,13,12,11,cleaned_gbif_us_institutionCode_MIDS_2020-12-06-csv.csv
SEOSU,19884,19884,19884,0,19543,19884,0,0,0,0,0,0,0,0,0,0,0,0,0,0,0,0,0,0,0,0,cleaned_gbif_us_institutionCode_MIDS_2020-12-06-csv.csv
SFV,16270,0,16155,0,15943,16270,0,0,0,16237,0,0,16261,16166,15376,14234,14234,14234,11469,0,16155,1636,2802,16270,15960,16095,cleaned_gbif_us_institutionCode_MIDS_2020-12-06-csv.csv
SJSU,15932,0,15892,0,15808,15932,0,0,0,15909,0,0,15927,15731,14136,9427,9427,9427,74,0,14503,13,44,15932,15865,11880,cleaned_gbif_us_institutionCode_MIDS_2020-12-06-csv.csv
TENN,420046,70699,420046,1,397265,420046,0,0,0,184342,0,0,418125,415746,376648,169153,169153,169153,28399,6,356714,10261,57527,189823,185202,157135,cleaned_gbif_us_institutionCode_MIDS_2020-12-06-csv.csv
TEX,490325,490256,490325,490324,475343,490325,0,0,0,487072,490088,490084,490078,487261,343098,128500,128500,128500,1,0,1,382168,435352,486161,486218,1,cleaned_gbif_us_institutionCode_MIDS_2020-12-06-csv.csv
TTU,2,2,0,0,0,2,0,0,0,2,0,0,2,2,2,2,2,2,2,0,0,0,2,2,2,2,cleaned_gbif_us_institutionCode_MIDS_2020-12-06-csv.csv
TULS,8379,8379,8379,0,8268,8379,0,0,0,0,0,0,0,0,0,0,0,0,0,0,0,0,0,0,0,0,cleaned_gbif_us_institutionCode_MIDS_2020-12-06-csv.csv
UA,41460,41460,41460,0,40893,41460,0,0,0,40668,0,41448,41448,41362,38355,39040,39040,39040,0,0,0,0,17996,41460,39845,0,cleaned_gbif_us_institutionCode_MIDS_2020-12-06-csv.csv
UAM,205685,205685,205685,205575,195501,205685,0,0,0,205685,205685,136055,136065,135411,1564,126844,126844,126844,0,0,173287,200302,205685,205681,200029,742,cleaned_gbif_us_institutionCode_MIDS_2020-12-06-csv.csv
UAMb,74529,74529,74529,73978,70052,74529,0,0,0,74529,74529,73686,74133,66422,716,29714,29714,29714,0,0,57013,74513,74529,74529,74402,10,cleaned_gbif_us_institutionCode_MIDS_2020-12-06-csv.csv
UCBG,18900,18900,18900,0,16211,18900,0,0,0,18900,0,15882,16530,10465,5198,827,827,827,0,0,0,0,0,18900,0,0,cleaned_gbif_us_institutionCode_MIDS_2020-12-06-csv.csv
UCM,19,19,19,0,0,19,0,0,0,0,0,19,19,19,18,13,13,13,0,0,1,3,4,6,1,0,cleaned_gbif_us_institutionCode_MIDS_2020-12-06-csv.csv
UCMP,44575,44575,44575,44095,14196,44575,0,0,0,44548,0,43358,43319,42418,40797,7204,7204,7204,0,6820,684,0,0,31003,0,0,cleaned_gbif_us_institutionCode_MIDS_2020-12-06-csv.csv
UCONN,171064,171064,171064,0,161832,171064,0,0,0,170254,20959,0,169658,168296,157471,155614,155614,155614,34935,1096,0,0,0,168671,166195,105527,cleaned_gbif_us_institutionCode_MIDS_2020-12-06-csv.csv
UCR,264722,54,63736,0,255685,264722,0,0,0,264592,0,0,264602,264505,255570,247988,247988,247988,50,0,58003,82556,91613,264722,261907,264691,cleaned_gbif_us_institutionCode_MIDS_2020-12-06-csv.csv
UCSB,52097,0,50386,48573,50938,52097,0,0,0,51846,0,0,51754,51615,50702,36813,36813,36813,2950,239,45803,551,3132,51337,50070,44450,cleaned_gbif_us_institutionCode_MIDS_2020-12-06-csv.csv
UCSC,13288,32,4533,3,12254,13288,0,0,0,13151,3,3,13243,13157,13143,9240,9240,9240,2419,0,4587,533,620,13254,12872,13111,cleaned_gbif_us_institutionCode_MIDS_2020-12-06-csv.csv
UD,64,64,64,0,63,64,0,0,0,32,0,0,64,64,64,64,64,64,0,0,0,63,64,57,64,0,cleaned_gbif_us_institutionCode_MIDS_2020-12-06-csv.csv
UF,31174,31174,31171,31163,7477,31174,0,0,0,31105,31156,280,31135,30789,29006,28059,28059,28059,0,0,1,0,0,28778,263,0,cleaned_gbif_us_institutionCode_MIDS_2020-12-06-csv.csv
UHIM,43,43,43,0,10,43,0,0,0,22,0,0,40,40,32,0,0,0,0,0,43,0,0,39,40,0,cleaned_gbif_us_institutionCode_MIDS_2020-12-06-csv.csv
UHM,2252,2252,2252,0,1429,2252,0,0,0,0,0,0,2125,0,0,2151,2151,2151,0,0,0,0,0,0,0,0,cleaned_gbif_us_institutionCode_MIDS_2020-12-06-csv.csv
UMD,49190,49190,49190,0,48370,49190,0,0,0,19737,0,0,49170,48974,48819,2720,2720,2720,0,0,0,23238,43334,49189,49056,47837,cleaned_gbif_us_institutionCode_MIDS_2020-12-06-csv.csv
UMMP,5,5,5,0,0,5,0,0,0,0,0,5,5,5,0,0,0,0,0,0,0,0,0,0,0,0,cleaned_gbif_us_institutionCode_MIDS_2020-12-06-csv.csv
UMMZ,16,16,16,16,15,16,0,0,0,15,0,15,15,10,0,3,3,3,0,0,0,0,0,14,1,0,cleaned_gbif_us_institutionCode_MIDS_2020-12-06-csv.csv
UNM,128420,128420,121537,122407,125571,128420,0,0,0,124472,2,2,128306,128290,128086,76783,76783,76783,77010,0,117067,32045,45417,128245,123970,124339,cleaned_gbif_us_institutionCode_MIDS_2020-12-06-csv.csv
UOBS,890,890,890,0,887,890,0,0,0,0,0,0,0,0,0,0,0,0,0,0,0,0,0,0,0,0,cleaned_gbif_us_institutionCode_MIDS_2020-12-06-csv.csv
UOMNH,18705,18705,18703,15667,3856,18705,0,0,0,8454,9739,17722,17682,16758,12535,1011,1011,1011,0,0,969,0,10610,15993,382,0,cleaned_gbif_us_institutionCode_MIDS_2020-12-06-csv.csv
US,3354275,3354275,3070652,21225,3126314,3354275,0,0,0,3097823,3349379,2999602,3344880,2636120,433881,553912,553912,553912,22287,16048,714754,0,442216,3341878,3048294,3330082,cleaned_gbif_us_institutionCode_MIDS_2020-12-06-csv.csv
USA003,10397,10397,10397,0,10104,10397,0,0,0,2350,0,0,8563,0,0,958,958,958,0,0,0,0,0,0,0,0,cleaned_gbif_us_institutionCode_MIDS_2020-12-06-csv.csv
USA004,5823,5823,5823,0,5709,5823,0,0,0,3095,0,0,5552,0,0,2897,2897,2897,0,0,0,0,0,0,0,0,cleaned_gbif_us_institutionCode_MIDS_2020-12-06-csv.csv
USA005,14674,14674,14674,0,14311,14674,0,0,0,241,0,0,9499,0,0,48,48,48,0,0,0,0,0,0,0,0,cleaned_gbif_us_institutionCode_MIDS_2020-12-06-csv.csv
USA007,41,41,41,0,37,41,0,0,0,41,0,0,41,0,0,41,41,41,0,0,0,0,0,0,0,0,cleaned_gbif_us_institutionCode_MIDS_2020-12-06-csv.csv
USA016,49784,49784,49784,0,48703,49784,0,0,0,21452,0,0,46097,0,0,7250,7250,7250,0,0,0,0,0,0,0,0,cleaned_gbif_us_institutionCode_MIDS_2020-12-06-csv.csv
USA020,35876,35876,35876,0,34972,35876,0,0,0,16581,0,0,33377,0,0,8768,8768,8768,0,0,0,0,0,0,0,0,cleaned_gbif_us_institutionCode_MIDS_2020-12-06-csv.csv
USA022,66656,66656,66656,0,63059,66656,0,0,0,35553,0,0,60293,0,0,16865,16865,16865,0,0,0,0,0,0,0,0,cleaned_gbif_us_institutionCode_MIDS_2020-12-06-csv.csv
USA026,14341,14341,14341,0,12739,14341,0,0,0,4727,0,0,12691,0,0,4457,4457,4457,0,0,0,0,0,0,0,0,cleaned_gbif_us_institutionCode_MIDS_2020-12-06-csv.csv
USA029,42197,42197,42197,0,38983,42197,0,0,0,17520,0,0,35512,0,0,18306,18306,18306,0,0,0,0,0,0,0,0,cleaned_gbif_us_institutionCode_MIDS_2020-12-06-csv.csv
USA033,8361,8361,8361,0,8360,8361,0,0,0,2367,0,0,7472,0,0,927,927,927,0,0,0,0,0,0,0,0,cleaned_gbif_us_institutionCode_MIDS_2020-12-06-csv.csv
USA042,881,881,881,0,830,881,0,0,0,292,0,0,844,0,0,115,115,115,0,0,0,0,0,0,0,0,cleaned_gbif_us_institutionCode_MIDS_2020-12-06-csv.csv
USA047,4850,4850,4850,0,3838,4850,0,0,0,465,0,0,3813,0,0,37,37,37,0,0,0,0,0,0,0,0,cleaned_gbif_us_institutionCode_MIDS_2020-12-06-csv.csv
USA049,7447,7447,7447,0,7420,7447,0,0,0,1205,0,0,5718,0,0,282,282,282,0,0,0,0,0,0,0,0,cleaned_gbif_us_institutionCode_MIDS_2020-12-06-csv.csv
USA074,1909,1909,1909,0,1862,1909,0,0,0,58,0,0,1596,0,0,31,31,31,0,0,0,0,0,0,0,0,cleaned_gbif_us_institutionCode_MIDS_2020-12-06-csv.csv
USA108,1009,1009,1009,0,881,1009,0,0,0,31,0,0,609,0,0,2,2,2,0,0,0,0,0,0,0,0,cleaned_gbif_us_institutionCode_MIDS_2020-12-06-csv.csv
USA133,3606,3606,3606,0,3574,3606,0,0,0,122,0,0,259,0,0,119,119,119,0,0,0,0,0,0,0,0,cleaned_gbif_us_institutionCode_MIDS_2020-12-06-csv.csv
USA134,241,241,241,0,241,241,0,0,0,98,0,0,224,0,0,27,27,27,0,0,0,0,0,0,0,0,cleaned_gbif_us_institutionCode_MIDS_2020-12-06-csv.csv
USA148,2923,2923,2923,0,2266,2923,0,0,0,20,0,0,1541,0,0,6,6,6,0,0,0,0,0,0,0,0,cleaned_gbif_us_institutionCode_MIDS_2020-12-06-csv.csv
USA151,3535,3535,3535,0,3279,3535,0,0,0,1241,0,0,1813,0,0,796,796,796,0,0,0,0,0,0,0,0,cleaned_gbif_us_institutionCode_MIDS_2020-12-06-csv.csv
USA167,8193,8193,8193,0,7010,8193,0,0,0,4563,0,0,6993,0,0,3847,3847,3847,0,0,0,0,0,0,0,0,cleaned_gbif_us_institutionCode_MIDS_2020-12-06-csv.csv
USA174,3760,3760,3760,0,3760,3760,0,0,0,0,0,0,677,0,0,0,0,0,0,0,0,0,0,0,0,0,cleaned_gbif_us_institutionCode_MIDS_2020-12-06-csv.csv
USA176,2106,2106,2106,0,2100,2106,0,0,0,830,0,0,1996,0,0,43,43,43,0,0,0,0,0,0,0,0,cleaned_gbif_us_institutionCode_MIDS_2020-12-06-csv.csv
USA200,1484,1484,1484,0,1046,1484,0,0,0,19,0,0,1210,0,0,2,2,2,0,0,0,0,0,0,0,0,cleaned_gbif_us_institutionCode_MIDS_2020-12-06-csv.csv
USA390,6215,6215,6215,0,4816,6215,0,0,0,899,0,0,5309,0,0,485,485,485,0,0,0,0,0,0,0,0,cleaned_gbif_us_institutionCode_MIDS_2020-12-06-csv.csv
USA476,39,39,39,0,39,39,0,0,0,39,0,0,39,0,0,39,39,39,0,0,0,0,0,0,0,0,cleaned_gbif_us_institutionCode_MIDS_2020-12-06-csv.csv
USA559,420,420,420,0,387,420,0,0,0,142,0,0,369,0,0,161,161,161,0,0,0,0,0,0,0,0,cleaned_gbif_us_institutionCode_MIDS_2020-12-06-csv.csv
USA937,2542,2542,2542,0,2542,2542,0,0,0,0,0,0,0,0,0,0,0,0,0,0,0,0,0,0,0,0,cleaned_gbif_us_institutionCode_MIDS_2020-12-06-csv.csv
USA955,1683,1683,1683,0,1604,1683,0,0,0,1181,0,0,1634,0,0,355,355,355,0,0,0,0,0,0,0,0,cleaned_gbif_us_institutionCode_MIDS_2020-12-06-csv.csv
USA956,3981,3981,3981,0,2892,3981,0,0,0,1407,0,0,3116,0,0,730,730,730,0,0,0,0,0,0,0,0,cleaned_gbif_us_institutionCode_MIDS_2020-12-06-csv.csv
USA962,510,510,510,0,510,510,0,0,0,0,0,0,65,0,0,0,0,0,0,0,0,0,0,0,0,0,cleaned_gbif_us_institutionCode_MIDS_2020-12-06-csv.csv
USA970,4621,4621,4621,0,4618,4621,0,0,0,14,0,0,3819,0,0,106,106,106,0,0,0,0,0,0,0,0,cleaned_gbif_us_institutionCode_MIDS_2020-12-06-csv.csv
USA971,2577,2577,2577,0,2350,2577,0,0,0,1654,0,0,2363,0,0,23,23,23,0,0,0,0,0,0,0,0,cleaned_gbif_us_institutionCode_MIDS_2020-12-06-csv.csv
USCH,113934,109502,71525,0,110222,113934,0,0,0,105577,0,0,112301,111745,106223,29289,29289,29289,969,0,68040,692,107838,112613,105818,89630,cleaned_gbif_us_institutionCode_MIDS_2020-12-06-csv.csv
USF,228131,228131,228131,0,223444,228131,0,0,228131,217018,227917,0,227885,222368,191992,37132,37132,37132,36741,0,228131,64729,109181,228041,226352,227483,cleaned_gbif_us_institutionCode_MIDS_2020-12-06-csv.csv
USNM,36063,36063,36062,3958,17963,36063,0,0,0,4,11591,14,11572,11094,2286,0,0,0,0,0,126,0,9856,5043,3940,145,cleaned_gbif_us_institutionCode_MIDS_2020-12-06-csv.csv
USU,167031,167031,166797,11,163267,167031,0,0,0,151610,0,0,166495,163371,147869,73095,73095,73095,35878,0,83161,25481,61786,162474,150171,145195,cleaned_gbif_us_institutionCode_MIDS_2020-12-06-csv.csv
UTAH,1,1,1,0,0,1,0,0,0,0,0,0,1,1,1,0,0,0,0,0,1,0,0,0,1,1,cleaned_gbif_us_institutionCode_MIDS_2020-12-06-csv.csv
UTC,2967,2967,2959,2,2021,2967,0,0,0,2901,0,0,2960,2725,2430,1605,1605,1605,84,0,27,133,279,2958,2473,1520,cleaned_gbif_us_institutionCode_MIDS_2020-12-06-csv.csv
UTEP,82569,82569,82569,82569,79804,82569,0,0,0,82569,82569,82268,82553,81571,74290,34820,34820,34820,0,0,309,67743,82569,82567,82569,68164,cleaned_gbif_us_institutionCode_MIDS_2020-12-06-csv.csv
UTEX,1916,0,1916,1911,968,1916,0,0,0,0,0,1473,1476,1035,0,0,0,0,0,0,0,0,0,1564,0,1261,cleaned_gbif_us_institutionCode_MIDS_2020-12-06-csv.csv
UTKH,481,481,481,0,438,481,0,0,0,480,0,0,0,440,419,0,0,0,0,0,0,0,0,478,0,0,cleaned_gbif_us_institutionCode_MIDS_2020-12-06-csv.csv
UWBM,297160,297160,297160,0,278692,297160,0,0,0,297055,15,3,296277,295382,243202,145773,145773,145773,1,0,0,86184,162452,297119,293499,0,cleaned_gbif_us_institutionCode_MIDS_2020-12-06-csv.csv
UWYMED,3,3,3,3,0,3,0,0,0,3,0,0,3,3,3,3,3,3,0,0,0,0,3,3,3,0,cleaned_gbif_us_institutionCode_MIDS_2020-12-06-csv.csv
VMNH,4,4,4,0,0,4,0,0,0,4,4,4,4,4,4,0,0,0,0,0,4,0,4,4,4,0,cleaned_gbif_us_institutionCode_MIDS_2020-12-06-csv.csv
VPI,1,1,1,1,1,1,0,0,0,1,0,0,1,1,1,1,1,1,0,0,0,0,0,1,1,0,cleaned_gbif_us_institutionCode_MIDS_2020-12-06-csv.csv
VT,287675,0,287672,7,123974,287675,0,0,0,44233,0,0,280921,124803,77687,96031,96031,96031,9250,8,280704,10237,22256,78820,87364,65954,cleaned_gbif_us_institutionCode_MIDS_2020-12-06-csv.csv
WCUH,29893,5728,29892,0,29539,29893,0,0,0,6702,0,0,29677,29875,29605,3241,3241,3241,3603,0,22404,483,862,5671,6643,6502,cleaned_gbif_us_institutionCode_MIDS_2020-12-06-csv.csv
WOH,2,2,2,0,2,2,0,0,0,0,0,0,0,0,0,0,0,0,0,0,0,0,0,0,0,0,cleaned_gbif_us_institutionCode_MIDS_2020-12-06-csv.csv
WSCO,4637,0,4512,0,4503,4637,0,0,0,4503,0,0,4626,4598,4468,2223,2223,2223,2365,0,0,598,3509,4615,4591,4101,cleaned_gbif_us_institutionCode_MIDS_2020-12-06-csv.csv
YPM,245501,245501,245501,6611,144838,245501,0,0,0,115029,177277,176102,177121,170878,143944,161494,161494,161494,7556,7,155322,2836,7577,163670,125628,47396,cleaned_gbif_us_institutionCode_MIDS_2020-12-06-csv.csv
NA,111967,1780,111846,1117,110717,111967,346,0,0,110065,944,1554,111685,111240,108147,110710,110710,110710,544,0,0,5,26,2261,110204,1506,cleaned_gbif_us_institutionCode_MIDS_2020-12-06-csv.csv
